Sample,Sum formula,O count,DBE,Cnd_ 9,Cnd_2,Cnd_ 4,Cnd_ 5,Cnd_ 3,Cnd_ 4**,Cnd_ 5**,Cnd_ 6,Cnd_ 8,Cnd_ 7,Feed
Cyclic ketones (cyclohexenones)_153.0914,C9H14O2,2,3,8708,3092,9943,9579,5642,7389,10481,2937,10005,9478,176
neg_112_159.04291,C8H10O2,2,4,962,798,959,496,685,776,958,293,718,953,708
neg_114_159.06351,C7H12O4,4,2,584,808,392,119,669,484,316,29,261,290,31
neg_115_159.06693,C7H12O4,4,2,365,963,289,125,653,340,203,35,276,198,32
Benzofurans and derivatives_161.02293,C9H6O3,3,7,137,418,18,8,102,129,25,5,10,11,1202
Hydroxy coumarin derivatives_161.02383,C9H6O3,3,7,4274,10890,629,84,4385,3465,1158,30,557,349,17501
Umbelliferone_161.02408,C9H6O3,3,7,4612,8807,1385,226,5755,4634,2058,56,1299,1099,11015
Aminophenols?_108.04508,C6H7NO,1,4,318,842,397,152,686,357,264,49,392,256,912
Hydroxy cinnamaldehydes_161.06003,C10H10O2,2,6,11058,15845,13302,6061,15487,13438,8894,1071,8580,6967,16630
Hydroxy cinnamaldehydes_161.06032,C10H10O2,2,6,5914,8689,7296,2441,8692,6231,4504,463,3517,3080,8305
neg_127_161.06042,C10H10O2,2,6,13893,22125,16842,6774,20901,16521,10523,973,9761,7876,20255
Eugenol_163.07498,C10H12O2,2,5,2634,3907,3058,1034,3663,2993,1623,97,1621,1232,3818
Hydroxy 1arRings_165.05498,C9H10O3,3,5,1208,1721,1098,488,1690,1359,742,177,861,701,1458
neg_147_165.0558,C9H10O3,3,5,12714,8613,7967,7300,8637,10675,12857,5739,11334,11933,14221
Resorcinols_Diol_165.09042,C10H14O2,2,4,2230,558,2456,2265,1256,1804,2805,947,2653,2268,369
Diol-1arRings (catechols)_165.09164,C10H14O2,2,4,4085,3886,4842,4902,3909,4471,4520,5412,5026,4814,3506
neg_157_167.07069,C9H12O3,3,4,821,1759,675,60,1665,1034,317,13,279,168,359
Cyclic ketones (cyclohexenones)_167.10658,C10H16O2,2,3,3940,1767,4957,3966,3044,3391,4492,1566,4133,3866,58
Cyclic ketones (cyclohexenones)_167.10703,C10H16O2,2,3,9774,1032,12122,16206,3017,8383,15791,7132,15273,14798,140
"Aliphatic alcohol, hydroxy acid or lactones_169.08714",C9H14O3,3,3,1440,234,1806,421,1076,1356,780,41,859,720,19
neg_166_173.05615,C6H10N2O4,4,3,524,908,650,324,972,479,453,138,388,367,591
neg_168_173.05981,C11H10O2,2,7,96,788,70,46,178,53,48,14,47,28,1475
neg_172_173.06058,C11H10O2,2,7,480,485,429,187,462,468,596,229,598,615,562
Hydroxycoumarins_175.03928,C10H8O3,3,7,5156,7902,4173,2610,5903,5346,4530,1415,3889,4329,8448
Hydroxycoumarins_175.03935,C10H8O3,3,7,7249,10397,5420,2850,8435,7322,5371,1326,4427,3875,11797
neg_179_175.07646,C11H12O2,2,6,1146,1789,1319,671,1511,1325,1037,152,791,748,1208
Methoxyphenols_177.05623,C10H10O3,3,6,679,505,721,841,454,659,793,930,959,830,377
4-Hydroxystyrene?_119.04971,C8H8O,1,5,489,326,365,374,342,382,471,260,438,430,323
Methoxyphenols_179.06873,C10H12O3,3,5,460,313,282,367,373,416,609,354,547,511,368
Methoxyphenols_179.07048,C10H12O3,3,5,157,1190,198,43,830,371,37,30,48,67,106
Methoxyphenols_179.07089,C10H12O3,3,5,5504,3656,3840,3496,3788,4306,5467,2650,5624,5895,6104
Resorcinols_Diol_179.10762,C11H16O2,2,4,2086,591,1560,1908,1035,1313,2432,1147,2653,2155,180
Lignin-derived_1_181.08754,C10H14O3,3,4,1166,2029,655,68,1920,760,300,34,182,173,106
Cyclic ketones (cyclohexenones)_181.1218,C11H18O2,2,3,2789,781,3162,3398,1613,1945,3946,1969,3666,3731,49
Cyclic ketones (cyclohexenones)_181.12209,C11H18O2,2,3,2038,370,2724,3800,645,1358,3810,2424,3198,3765,24
Benzoic acid_121.02956,C7H6O2,2,5,138,416,148,90,178,115,104,61,95,56,898
"Aliphatic alcohol, hydroxy acid or lactones_183.10098",C10H16O3,3,3,916,204,1717,633,701,1260,721,50,1118,600,39
Furanocoumarin_185.02498,C11H6O3,3,9,253,276,61,11,144,190,100,0,29,36,1204
4-ethylphenol_121.06583,C8H10O,1,4,7565,5178,4564,3681,5269,5176,7391,3131,6058,6895,7385
Azulene or napthalene carboxylic acid derivatives_185.06006,C12H10O2,2,8,509,1200,490,138,989,697,363,92,170,201,1311
neg_225_185.08063,C9H14O4,4,3,412,103,571,120,341,622,247,9,334,231,19
neg_228_187.039,C11H8O3,3,8,497,976,518,468,683,685,433,257,585,392,805
neg_230_187.07448,C10H14O2,2,4,668,1600,503,170,975,851,376,25,224,187,2345
Hydroxycoumarins_189.05576,C11H10O3,3,7,3476,4353,2976,1656,3985,3488,2941,952,2590,2410,3749
Hydroxycoumarins_189.05603,C11H10O3,3,7,708,996,780,544,790,717,686,408,655,620,1252
Methoxyphenols_191.07144,C11H12O3,3,6,673,955,783,549,889,661,656,425,664,621,976
Lignin-derived_2_191.07149,C11H12O3,3,6,991,784,1170,976,1271,830,1019,804,779,940,669
neg_250_191.10664,C12H16O2,2,5,793,312,1775,1806,1019,800,1145,1626,1361,1516,160
neg_252_191.10773,C12H16O2,2,5,886,1728,2054,1831,1899,1159,1234,1585,1423,1228,265
9-Hydroxyphenanthrene_193.06689,C14H14O,1,8,933,1331,869,783,1011,1048,1108,778,719,854,757
Resorcinols_Diol_193.12206,C12H18O2,2,4,803,121,1133,711,404,921,822,393,600,711,45
neg_261_195.04398,C11H10O2,2,7,766,2737,607,77,1945,1130,302,53,220,165,3909
OH-3arRings_195.0446,C13H8O2,2,10,75,198,51,17,101,92,41,11,28,33,563
Phenylpropanoic acids_195.06717,C10H20O4,4,1,221,2024,249,20,911,390,39,9,35,39,49
Cyclic ketones (cyclohexenones)_195.13754,C12H20O2,2,3,1307,318,1434,2158,672,925,2225,1672,1828,2006,23
neg_274_197.05899,C13H10O2,2,9,725,1389,918,210,1370,1144,703,72,496,379,1733
neg_277_197.06096,C13H10O2,2,9,876,1696,1280,338,1627,1110,660,76,516,544,1658
"Aliphatic alcohol, hydroxy acid or lactones_197.11678",C11H18O3,3,3,1120,334,2458,545,1340,1833,756,20,1274,729,26
"Aliphatic alcohol, hydroxy acid or lactones_197.117",C11H18O3,3,3,881,174,1649,464,721,1316,562,23,749,574,12
"Aliphatic alcohol, hydroxy acid or lactones_197.11722",C11H18O3,3,3,699,258,1522,560,973,1162,580,23,672,611,14
neg_284_199.04039,C12H8O3,3,9,1827,2341,2121,1784,2135,1657,2212,1649,1882,2334,2270
neg_288_199.07468,C13H12O2,2,8,543,700,628,740,695,507,575,592,801,525,946
neg_289_199.07561,C13H12O2,2,8,202,1320,176,136,413,142,113,68,130,141,260
Azulene or napthalene carboxylic acid derivatives_199.0759,C13H12O2,2,8,838,1119,791,549,941,715,794,637,736,667,987
Hydroxynaphthalenes_199.11208,C14H16O,1,7,541,290,829,749,504,528,762,863,737,705,154
neg_297_201.05457,C12H10O3,3,8,652,1024,883,460,986,1032,654,67,608,472,1056
neg_298_201.05617,C12H10O3,3,8,281,630,318,198,519,270,214,121,251,313,596
neg_300_201.09175,C13H14O2,2,7,1341,1037,1714,845,1519,1489,1186,256,1221,1047,558
Hydroxy coumarin derivatives_203.06987,C12H12O3,3,7,1146,1010,1205,858,1033,1046,1147,517,1022,1109,1032
Hydroxy cinnamaldehydes_203.10478,C13H16O2,2,6,498,557,457,353,459,426,515,243,432,321,1330
neg_309_205.12146,C13H18O2,2,5,846,424,1376,1420,827,872,1012,1348,1156,1187,75
neg_310_205.12227,C13H18O2,2,5,1106,232,1651,2457,633,1027,1832,2119,1742,1821,77
neg_311_205.12308,C13H18O2,2,5,208,819,567,481,548,214,344,634,578,390,108
neg_312_205.12369,C13H18O2,2,5,473,341,573,414,567,592,429,145,472,309,37
Alkyl-phenylketones?_207.07788,C10H12N2O3,3,6,1578,1718,1866,1435,1656,1723,1838,1417,1658,1579,1824
Benzofurans-OH_209.05968,C14H10O2,2,10,1995,1976,2152,1653,1743,1839,2142,1431,2014,2088,1935
OH-3arRings_209.05983,C14H10O2,2,10,625,1622,598,102,1370,675,325,61,227,167,1451
OH-3arRings_209.06076,C14H10O2,2,10,714,887,776,817,803,702,879,708,731,722,611
Esters?_209.15654,C13H22O2,2,3,519,94,692,886,283,318,899,955,715,861,21
neg_331_211.07492,C14H12O2,2,9,538,659,561,649,476,662,592,460,670,540,939
neg_336_213.0527,C13H10O3,3,9,728,653,786,548,688,713,685,546,642,707,759
neg_337_213.05307,C11H12O3,3,6,609,848,793,570,786,550,689,552,739,764,696
neg_338_213.05518,C13H10O3,3,9,2623,2911,2757,2222,2478,2124,2605,2303,1912,2371,2591
Cyclic ketones (cyclohexenones)_125.05978,C7H10O2,2,3,3941,1916,5319,2310,3649,4366,3203,489,3527,2745,228
neg_346_215.07005,C13H12O3,3,8,278,539,337,263,394,404,320,116,275,223,990
neg_350_215.10849,C14H16O2,2,7,593,468,710,556,519,825,657,336,800,642,406
neg_352_217.06499,C16H10O,1,12,807,1066,917,888,1017,923,1022,775,940,1030,993
Hydroxy acetophenones or chromones_217.08661,C13H14O3,3,7,1362,2512,1480,420,2142,2025,1026,100,916,587,359
Hydroxy cinnamaldehydes_217.12218,C14H18O2,2,6,310,582,325,272,388,254,161,164,215,274,1070
Diol or catechol_221.15297,C14H22O2,2,4,768,1090,1031,924,909,968,1217,925,999,1156,841
neg_364_223.07285,C13H14O2,2,7,1137,1289,1034,996,1306,889,1185,929,1106,1038,1141
Benzofurans-OH_223.07637,C15H12O2,2,10,1691,1802,1601,1551,1459,1536,1706,1264,1711,1554,1565
neg_369_225.04959,C7H12N2O5,5,3,2066,2665,2101,1572,2588,1539,2122,1362,1563,2161,1917
"Aliphatic alcohol, hydroxy acid or lactones_127.04058",C6H8O3,3,3,883,706,584,145,826,550,454,41,216,255,123
Hydroxy 2arRings_225.05524,C14H10O3,3,10,941,1425,1297,975,1208,817,1276,943,1037,1118,1101
neg_372_225.05771,C14H10O3,3,10,605,676,822,656,624,595,619,567,649,696,926
Stilbenes?_OH_225.09036,C15H14O2,2,9,2369,4730,1353,500,3140,2457,1228,290,1052,966,3656
neg_380_227.06969,C14H12O3,3,9,1071,929,973,1027,997,1042,1121,927,1098,1098,1205
neg_385_227.10803,C15H16O2,2,8,850,910,893,982,988,796,1141,1016,895,1079,834
neg_389_229.08548,C14H14O3,3,8,226,353,188,115,191,152,153,77,145,143,1435
neg_391_229.12273,C15H18O2,2,7,1079,609,1219,846,858,835,1082,344,986,876,139
neg_395_231.08159,C17H12O,1,12,489,583,596,465,488,502,523,331,552,465,653
Hydroxy acetophenones or chromones_231.10297,C14H16O3,3,7,818,1365,885,259,1086,1304,732,95,671,364,439
Hydroxy acetophenones or chromones_231.10309,C14H16O3,3,7,798,1178,763,322,859,1022,567,130,557,293,267
Methoxyphenols_235.13155,C14H20O3,3,5,286,405,1608,429,989,1056,315,76,461,334,71
Carboxylic acid esters_235.13397,C14H20O3,3,5,268,2506,550,67,1763,626,157,22,150,133,2751
Furanones_235.13541,C14H20O3,3,5,109,887,133,30,392,117,54,26,44,78,277
Cinnamic acid amides?_236.10437,C16H15NO,1,10,1647,1880,1632,1883,1659,2054,1875,2101,1855,2433,1817
Benzofurans-OH_237.09213,C16H14O2,2,10,700,834,782,826,878,915,884,627,807,784,848
Hydroxy 2arRings_239.06943,C15H12O3,3,10,881,1224,1267,962,1159,872,1142,785,993,1058,959
Hydroxy 2arRings_239.07141,C15H12O3,3,10,1026,1016,1044,1176,1099,1055,1148,1006,1051,1036,811
neg_415_239.07259,C15H12O3,3,10,893,876,903,703,798,810,1000,666,861,927,962
neg_421_241.08633,C15H14O3,3,9,793,886,1037,921,894,890,1010,1013,883,1019,912
neg_423_241.08751,C15H14O3,3,9,698,778,946,795,679,722,938,787,844,876,767
Sesquiterpenoids/ Diterpenoids_241.1205,C14H20O2,2,5,584,402,823,778,553,819,716,373,627,564,155
Sesquiterpenoids/ Diterpenoids_241.12085,C14H20O2,2,5,1472,1077,1292,1221,1237,1244,1334,906,1010,1292,313
neg_429_243.13776,C16H20O2,2,7,1115,1382,1370,1188,1508,1458,1445,616,1047,1200,49
neg_432_247.11147,C18H16O2,2,11,64,52,75,113,96,30,158,65,83,57,887
neg_434_249.08846,C15H16O2,2,8,588,841,503,215,557,544,266,126,295,200,1096
neg_435_249.09061,C17H14O2,2,11,728,648,873,800,966,872,1081,623,682,957,331
OH-arRing-acid?_249.11375,C14H18O4,4,6,117,779,60,41,358,118,63,21,42,60,737
OH-3arRings_249.12831,C18H18O,1,10,6085,6253,6989,6244,6464,6504,6951,4688,6619,6834,4878
Hydroxy 1arRings_249.14984,C15H22O3,3,5,161,315,630,92,635,209,93,23,64,99,30
"Hydroxy 2arRings + methoxy, ketone or pyran/furan_253.08571",C16H14O3,3,10,1379,1346,1513,1582,1200,1251,1535,1309,1485,1626,1260
Flavanones_253.08603,C16H14O3,3,10,1864,1990,2095,2036,1677,1849,1973,1722,2083,2003,2056
Hydroxy 2arRings_253.08754,C16H14O3,3,10,782,795,923,698,746,683,858,659,700,853,527
Stilbenes?_OH_253.12212,C17H18O2,2,9,1819,1086,1805,1797,1354,1433,2170,2049,1951,2161,430
Sesquiterpenoids/ Diterpenoids_255.13815,C15H22O2,2,5,1174,680,1263,1486,864,1582,1433,1088,1378,1438,172
neg_453_257.15347,C17H22O2,2,7,448,783,449,152,601,478,356,55,272,228,644
Sesquiterpenoids_259.1329,C16H20O3,3,7,353,775,748,583,794,711,309,129,420,236,88
2-arylbenzofuran flavonoids_263.10703,C18H16O2,2,11,286,1430,207,128,1057,181,136,95,93,179,881
2-arylbenzofuran flavonoids_263.10712,C18H16O2,2,11,582,546,815,721,768,530,820,590,513,936,241
Flavanones_267.10214,C17H16O3,3,10,2188,2115,2513,2343,2187,2240,2494,2118,2327,2476,2025
neg_470_273.14893,C17H22O3,3,7,236,842,316,199,434,235,199,137,197,177,1228
Fatty acid_275.20279,C18H28O2,2,5,615,894,1031,881,770,705,867,733,950,862,737
Stilbenes?_OH_281.15533,C19H22O2,2,9,747,384,887,1251,623,746,1047,1120,1028,1216,157
neg_483_283.1691,C19H24O2,2,8,414,416,465,193,564,558,211,90,305,230,373
neg_490_289.14456,C17H22O3,3,7,315,1313,716,380,1063,474,457,161,292,286,66
Gingerols?_293.17441,C17H26O4,4,5,4417,5259,4463,5092,5116,5247,5856,5289,5006,5864,5319
Dehydroabietic acid?_299.20187,C20H28O2,2,7,3811,3786,4236,4357,3746,3790,4616,5118,4242,4288,3040
Benzopyrans_307.16922,C19H26O2,2,7,407,3179,1112,164,1850,1106,262,45,258,202,3491
Fatty alcohols_307.17111,C21H24O2,2,10,185,821,366,53,522,352,75,7,91,97,840
Fatty acyl glycosides of mono- and disaccharides_313.12595,C13H24O7,7,2,34,74,112,82,67,69,85,46,87,65,945
Fatty alcohols_321.18506,C22H26O2,2,10,135,521,238,23,412,255,61,32,56,53,621
neg_523_329.15155,C17H26O4,4,5,71,146,120,126,101,85,107,115,133,77,991
neg_525_345.14853,C23H22O3,3,13,254,654,350,106,447,218,125,75,147,147,566
neg_531_357.1875,C25H26O2,2,13,1025,742,1287,1103,906,1339,1031,186,1061,1033,385
neg_532_359.16452,C24H24O3,3,13,134,665,213,74,390,290,138,82,124,125,784
neg_533_359.16519,C24H24O3,3,13,443,991,497,139,862,382,391,83,180,255,546
neg_534_367.18872,C21H30O4,4,7,463,385,564,571,500,483,587,641,472,512,386
neg_537_373.21777,C24H32O2,2,9,90,133,69,45,126,54,118,63,103,104,669
Diol-1arRings (catechols)_137.06017,C8H10O2,2,4,7887,9321,9665,8542,8904,8582,8924,8430,8765,8157,8144
Diol or catechol_137.06046,C8H10O2,2,4,13310,15948,15089,14452,14808,14526,14361,11912,14240,14331,15151
Cyclic ketones (cyclohexenones)_139.07564,C8H12O2,2,3,14717,10114,17166,10218,13941,14405,13266,2064,13526,10791,355
"Aliphatic alcohol, hydroxy acid or lactones_141.0545",C7H10O3,3,3,609,403,418,168,493,513,373,53,339,261,85
2-Hydroxynaphthalene_143.04924,C10H8O,1,7,7678,7933,8328,6247,8638,7683,8941,4116,8024,7398,5766
Hydroxy cinnamaldehydes_147.04427,C9H8O2,2,6,5223,10799,5852,1269,8784,6673,2960,91,2442,1862,10131
Hydroxy cinnamaldehydes_147.04434,C9H8O2,2,6,32179,49411,36626,13177,45641,37667,21669,1201,20545,16122,46841
neg_81_149.02461,C8H6O3,3,6,328,430,533,300,520,462,309,163,431,468,382
neg_85_149.05969,C9H10O2,2,5,1222,3251,1220,275,2163,1396,627,35,532,255,2349
2-Methoxy-4-vinylphenol_149.06003,C9H10O2,2,5,9765,17908,12317,2903,15420,11433,6252,241,5634,3858,15592
p-Coumaryl alcohol_149.06104,C9H10O2,2,5,575,621,638,607,617,695,573,496,646,499,2142
neg_9_107.04859,C5H10O,1,1,250,512,197,76,373,333,136,91,259,72,562
Vanillin derivatives_151.03908,C8H8O3,3,5,2412,4193,2100,540,3465,2635,1472,133,1355,1115,4095
Vanillin_151.03922,C8H8O3,3,5,119,849,150,140,199,121,197,191,49,177,1897
Diol-1arRings (catechols)_151.0753,C9H12O2,2,4,7845,8845,9454,8256,9049,7787,8842,8074,8367,8326,6788
Amine or pyrrolidines?_208.16817,C13H21NO,1,4,338,50,704,3592,148,215,1268,7350,2004,2517,77
Stilbenes or 3Ar Rings_209.0947,C15H12O,1,10,347,403,317,340,389,335,197,160,257,269,3466
pos_1010_209.0959,C15H12O,1,10,365,575,333,401,325,386,336,273,466,395,2223
Sesquiterpenoids_209.1523,C13H20O2,2,4,2248,145,2522,6604,404,1704,5694,4607,6284,7784,76
pos_1017_211.07359,C10H10O2,2,6,675,1313,511,478,863,731,450,427,517,459,1898
pos_1018_211.07541,C12H12O2,2,7,2052,2549,2407,2343,2500,1942,1880,1854,2072,2358,1982
pos_1033_213.08868,C12H14O2,2,6,1284,2092,1324,820,1852,1679,1124,831,1384,1135,3244
Sesquiterpenoids/ Diterpenoids_213.12538,C15H16O,1,8,1748,2748,1656,675,2230,1913,1358,372,1125,799,987
Aldehyde/ketone_103.05312,C8H8O,1,5,221,649,41,34,257,267,52,15,27,55,971
Coumarin derivatives_217.12099,C14H16O2,2,7,4481,7866,4022,1456,7365,5736,2308,835,2794,1705,1920
1arRing aldehydes or ketones_217.15717,C15H20O,1,6,1254,2018,2255,1552,1794,1699,1177,730,1416,1422,2804
pos_1059_217.15996,C15H20O,1,6,624,1615,690,428,923,713,662,394,673,580,1928
Aliphatic amines_218.21019,C12H27NO2,2,0,15645,27376,18038,17417,21578,23642,22673,21489,16510,27445,22889
Coumarans or acetophenones (2ar Rings)_219.10028,C13H14O3,3,7,2832,3828,1427,584,3032,2982,1990,581,2020,1608,2347
"Acetophenones, 2,2-dimethyl-1-benzopyrans, Chromones_219.1006",C13H14O3,3,7,1458,2898,2641,1998,2720,3110,2816,1858,2996,3096,2991
pos_1084_219.10085,C13H14O3,3,7,3379,3177,3165,2489,3069,3543,3246,1767,3234,3070,3146
pos_1085_219.10172,C13H14O3,3,7,3002,5504,3394,1366,4886,3939,2317,615,2188,2156,5506
pos_1093_221.116,C13H16O3,3,6,604,578,459,359,822,789,535,455,416,477,3002
pos_1097_221.15215,C14H20O2,2,5,1577,1584,1864,609,2239,1613,869,413,1109,679,315
Amine or pyrrolidines?_222.18301,C12H19NO,1,4,166,46,238,1398,84,151,463,3499,805,1239,46
Amine or pyrrolidines?_222.18333,C14H23NO,1,4,412,200,844,1608,314,449,849,1282,1037,1454,16
Amine or pyrrolidines?_222.1848,C14H23NO,1,4,178,44,338,1284,50,117,398,2989,724,999,29
pos_1109_223.09225,C7H14N2O6,6,2,1042,683,1122,999,1048,1076,1200,774,1280,965,348
Aldehydes and ketones_107.04736,C5H8O,1,2,476,1230,537,100,1038,676,305,76,353,163,1458
pos_1112_223.10887,C14H16O,1,7,708,973,461,507,834,719,529,438,557,487,3088
pos_1118_225.14429,C8H20N2O5,5,0,1750,1778,1692,1003,2072,2325,1353,324,1640,1174,192
pos_1119_225.14731,C13H20O3,3,4,3872,734,4707,2655,1819,3666,4199,744,4976,3767,233
pos_1125_227.10414,C10H14N2O4,4,5,672,1249,601,392,709,687,455,368,550,371,2484
Hydrocarbons?_227.17668,C15H24,0,4,2586,257,2656,3882,916,2473,4354,2983,4449,4615,113
Benzopyrans?_229.08472,C14H12O3,3,9,1926,1867,1659,1530,1546,1533,1499,1604,1848,1939,1702
pos_1137_229.11533,C3H6N4O,1,3,1325,1147,1165,811,1429,869,834,419,636,618,1749
Aldehydes/ketones_229.1199,C13H18O2,2,5,1076,3880,1036,689,2191,1209,549,394,708,587,6398
pos_1141_229.12035,C10H16N2O4,4,4,1218,1496,1397,911,1465,1727,1266,789,1275,1170,2327
pos_1142_229.12108,C15H16O2,2,8,21057,8114,26726,31595,14036,19642,27925,35738,29664,29492,4668
Aldehydes/ketones_229.12115,C15H16O2,2,8,5661,6069,6628,3744,6737,6836,5013,1101,5729,4895,1399
Furans_229.12177,C15H16O2,2,8,2129,2210,2533,1755,3000,2650,2396,917,2397,2165,1509
pos_1147_229.12334,C15H16O2,2,8,937,1222,813,664,1563,1309,756,591,940,798,1030
"1,2-aminoalcohols?_230.24861",C14H31NO,1,0,1639,1774,1245,1848,1167,1334,1232,1690,1642,1948,1346
Coumarin derivatives_231.10106,C14H14O3,3,8,598,1342,516,505,803,685,494,382,522,541,2241
pos_1163_231.1274,C17H16N2,0,11,1686,1845,1587,1618,2166,1807,1726,1519,1751,2221,2111
pos_1178_233.11104,C9H16N2O5,5,3,1002,1608,1383,850,1704,1176,917,617,1307,829,1250
pos_118_109.0601,C2H8N2O3,3,0,1483,721,1118,1845,723,1453,1847,1998,1904,2224,646
"Acetophenones, 2,2-dimethyl-1-benzopyrans, Chromones_233.11397",C14H16O3,3,7,1890,2654,1915,1310,2514,2232,1583,983,1491,1407,1433
"Acetophenones, 2,2-dimethyl-1-benzopyrans, Chromones_233.11549",C14H16O3,3,7,2808,3170,2871,2048,3009,3617,2695,1671,3924,2895,2243
pos_1184_233.12949,C13H16N2O2,2,7,332,664,326,257,614,250,186,164,169,199,3006
pos_1185_233.14948,C9H16N2O3,3,3,1015,2305,968,601,1813,1287,738,408,614,650,2291
Aldehydes and ketones_233.18864,C16H24O,1,5,1862,812,2323,968,2009,2422,1960,386,2203,1323,90
pos_1192_235.0941,C15H20N6O6,6,9,1451,1949,1487,989,1302,1448,1294,426,1429,1246,856
pos_1193_235.10989,C15H16O,1,8,1776,3842,1952,789,3621,2338,942,140,719,607,3320
2-benzopyrans?_235.1322,C14H18O3,3,6,9654,20783,9468,1695,17371,10468,4808,240,5488,2827,17430
pos_1199 (charged molecule?)_236.20518,C12H29NOS,1,0,140,54,228,976,39,46,197,1580,425,606,40
Stilbenes or 3Ar Rings_237.12677,C17H16O,1,10,498,597,418,290,524,694,769,434,766,753,3707
Methoxyphenols?_237.14722,C14H20O3,3,5,4389,1030,5157,4035,2469,5047,6055,934,5691,5227,547
pos_1209_237.17999,C10H24N2O4,4,0,1279,872,1963,864,2102,1689,1431,301,1729,1004,93
pos_1224_241.11996,C14H18O2,2,6,3651,6586,2430,847,5214,3930,1848,497,1882,1139,5949
OH-3arRings ketones_243.10161,C15H14O3,3,9,8121,8434,9396,9364,8574,8768,8577,8104,9023,8213,7525
OH-2-3arRings ketones/pyrans_243.1026,C15H14O3,3,9,3975,4389,4111,3745,4359,3783,3479,3414,3674,3900,4081
pos_1236_243.13634,C16H18O2,2,8,1609,1622,1786,1324,1942,1614,1377,499,1605,1473,2531
pos_1237_243.13721,C15H14O,1,9,14687,7387,20889,22421,12290,14860,20900,23981,19226,20472,4876
Methoxyphenols?_111.04196,C4H8O2,2,1,278,1814,312,322,399,378,280,263,382,318,6007
Aldehydes?_245.18918,C17H24O,1,6,1245,328,1607,2054,536,1220,2507,1590,2555,2981,181
Aliphatic amines_246.24039,C14H31NO2,2,0,8137,10666,7024,7977,9299,8715,8443,8228,8081,11103,9715
Coumarans or acetophenones (2ar Rings)_247.13155,C15H18O3,3,7,1392,1430,1522,985,1572,1298,1278,827,1407,1231,1093
Methoxyphenols?_111.04208,C4H8O2,2,1,305,877,224,224,384,358,394,360,338,420,3284
pos_1250_247.14594,C19H20O,1,10,391,614,239,64,361,287,147,100,266,117,2242
pos_1252_248.19925,C13H17N,0,6,750,340,1752,2957,629,1020,1632,3248,2179,2482,25
Sesquiterpenoids_249.16267,C19H22O,2,9,988,3056,322,181,1570,1128,564,120,695,249,16158
Sesquiterpenoids_249.16396,C19H22O,2,9,9539,11446,10059,6501,10061,8956,5387,2793,5955,5302,2927
Sesquiterpenoids_249.16431,C19H22O,2,9,334,1792,436,238,467,139,306,132,193,505,4540
pos_1281_251.14012,C13H18N2O3,3,6,3520,2374,3408,2641,2791,3920,4141,856,3686,3627,1271
pos_1284_251.16031,C15H22O3,3,5,1714,759,2157,2107,1298,1807,1844,1037,2102,2092,300
pos_1291_253.11679,C12H16N2O4,4,6,566,809,613,380,560,861,657,518,751,737,960
pos_1293_255.10091,C16H14O3,3,10,1546,3221,837,419,1766,1527,629,262,709,572,3013
Benzopyrans?_257.11475,C16H16O3,3,9,10531,10151,10667,11642,10170,10506,10433,10332,10712,10281,8885
OH-3arRings ketones_257.11768,C16H16O3,3,9,5501,5500,6174,5953,5417,5350,6264,6603,6986,6522,5359
pos_1307_258.24188,C15H31NO2,2,1,404,232,365,649,388,384,313,353,296,328,250
pos_1327_262.21317,C12H27NO,1,0,943,275,1927,3690,663,906,1812,3538,2105,3028,111
Methoxyphenols?_111.04384,C6H6O2,2,4,572,1760,575,393,986,537,321,314,379,333,2039
pos_1334_263.17685,C15H22N2O2,2,6,282,355,393,375,344,330,312,407,269,326,2270
pos_1337_265.15152,C9H20N4O5,5,2,5231,5344,5726,5192,5572,5474,5614,2493,5352,4065,4435
Stilbenes or 3Ar Rings_265.15656,C19H20O,1,10,547,553,315,267,427,601,555,662,914,608,3168
pos_1340_265.15775,C19H20O,1,10,4868,5204,5402,4923,5291,6373,5875,2844,5677,4958,4781
pos_1341_265.15854,C16H12,0,11,15240,12850,16602,15666,14604,16331,17359,11985,17045,14742,7425
pos_1342_265.16406,C13H20N4O2,2,6,4980,4737,5187,4418,4976,5839,6431,2866,6232,5091,4986
pos_1353_267.13516,C10H10N2O3,3,7,725,1001,819,601,1073,1035,680,402,696,626,2874
OH-3arRings ketones/pyrans_269.11539,C17H16O3,3,10,4629,4597,4563,4386,4794,4732,4430,4068,4556,3731,4711
OH-3arRings ketones/pyrans_269.11548,C17H16O3,3,10,2380,2998,2626,1976,2597,2464,2660,2123,2521,2502,2065
OH-3arRings ketones/pyrans_269.11615,C17H16O3,3,10,3638,4335,3445,3655,3747,3387,3387,3257,3818,3948,3279
pos_1364_269.11832,C17H16O3,3,10,739,1724,567,344,843,710,283,245,390,314,2557
Sesquiterpenoids/ Diterpenoids_269.18747,C19H24O,1,8,9119,10567,8923,5027,10671,9345,7284,1538,7303,6082,8511
Sesquiterpenoids/ Diterpenoids_269.18771,C19H24O,1,8,4121,3940,4160,3319,3899,3735,3405,1494,3393,2727,2796
Sesquiterpenoids/ Diterpenoids_269.18869,C19H24O,1,8,3846,6861,3176,1454,5253,3661,2774,701,2242,1803,5085
pos_1369_269.18979,C19H24O,1,8,4667,2109,5288,5363,3274,4513,6339,2098,6510,5518,695
pos_1370_270.21979,C19H27N,0,7,492,188,1131,831,698,907,683,695,1234,1251,7
pos_1373_271.09393,C14H16O4,4,7,866,2647,594,116,1319,964,281,110,470,537,3134
Benzopyrans?_271.13083,C17H18O3,3,9,4605,3866,4786,5301,4384,4955,4609,5109,5125,5256,2590
Benzopyrans?_271.13113,C17H18O3,3,9,1337,1150,2422,2050,1726,1219,1392,864,1422,1391,697
OH-2-3arRings ketones/pyrans_271.13416,C17H18O3,3,9,2577,2337,2713,2701,2332,2417,2685,2396,2547,2637,1833
pos_1378_271.19699,C21H26N2,0,10,3054,1538,3541,2953,2022,3514,5536,3938,5328,2239,1257
Aldehydes/ketones_271.20355,C19H26O,1,7,3901,3686,5059,5547,4051,3883,4766,4239,4421,4760,2596
Aldehydes/ketones_271.20422,C19H26O,1,7,3772,3104,4792,5778,3396,3647,4569,4069,4336,4726,2488
Aldehydes/ketones_271.2052,C19H26O,1,7,3329,1817,4153,3963,2683,3098,4412,2713,4044,2266,1010
Aliphatic amines_274.27374,C16H35NO2,2,0,10013,10183,7029,10350,10255,8028,8318,8133,10591,11604,12929
pos_1385_275.1264,C16H18O4,4,8,1269,1098,1447,1502,1161,1462,1583,1221,1748,1858,955
pos_1389_275.15836,C12H22N2O5,5,3,597,2573,1182,780,2386,1217,648,608,875,647,902
pos_1390_275.16272,C17H22O3,3,7,538,1416,561,698,790,695,400,507,673,540,2246
pos_1391_275.16418,C17H26O5,5,5,1141,1390,807,737,1161,1434,1245,849,1274,1055,3020
pos_1394_277.14163,C15H26O2,2,3,2444,1358,2720,2318,2203,2834,2705,1686,2877,2577,337
pos_1400_278.17468,C16H23NO3,3,6,203,991,115,109,409,188,107,72,152,68,1767
pos_1416_279.16922,C15H22N2O3,3,6,1817,1581,1711,1417,1610,1849,1900,1387,1529,1270,1522
pos_1436_281.14859,C12H22N2O4,4,3,779,1015,683,482,931,840,936,552,820,679,2346
pos_1442_283.13095,C13H18N2O5,5,6,1070,1700,1118,739,1643,1050,688,386,776,634,2687
OH-3arRings ketones/pyrans_283.13116,C18H18O3,3,10,5966,6012,6132,5986,6193,6025,5558,5535,5950,6239,5224
pos_1445_283.13135,C13H18N2O5,5,6,1430,1654,1390,1289,1664,1866,1561,1665,1681,1639,1930
pos_1457_285.11313,C17H16O4,4,10,785,1463,1120,375,1412,1212,700,142,616,476,1504
OH-3arRings ketones_285.14862,C18H20O3,3,9,7766,6313,8761,9855,8005,8312,8988,10236,9571,9236,3991
Furans_285.18521,C19H24O2,2,8,1342,954,1214,1110,1036,953,1014,1714,1236,1213,609
1arRing aldehydes or ketones_287.23572,C20H30O,1,6,1416,878,1950,1930,1260,1432,1917,1292,1645,1267,129
High-carbon molecules with ketone- or ester- and hydroxy-group_291.13824,C24H26O2,2,12,1251,3977,508,284,1849,1198,479,176,525,320,5634
OH-3arRings ketones/pyrans_297.14792,C19H20O3,3,10,1738,1710,2127,1725,1964,2044,2036,1586,1969,1851,1000
pos_1531_297.15027,C19H20O3,3,10,1037,2379,859,611,1258,881,688,534,680,591,2143
Clavines and derivatives_299.17645,C18H22N2O2,2,9,1395,5827,827,532,2383,853,229,303,494,591,413
pos_1539_299.19653,C15H26N2O4,4,4,1161,2222,1677,834,1690,1592,952,597,951,996,1559
pos_1541_301.15271,C12H20N4O5,5,5,449,1816,381,318,895,294,449,291,330,379,1787
pos_1542_301.1647,C15H24O6,6,4,609,1708,294,203,911,490,404,158,374,344,1115
pos_1543_301.18637,C13H26N4O5,5,3,1681,989,1662,1470,1687,1732,1033,432,1768,827,259
pos_1544_301.19492,C23H28O2,2,10,1374,779,1445,1132,1036,1548,1042,432,2185,1371,335
pos_1545_301.21231,C15H28N2O4,4,3,148,212,262,267,170,180,272,336,539,474,247
pos_1549_303.17203,C17H22N2O3,3,8,1693,1356,1680,1749,1310,1639,1949,2195,2287,2533,1115
pos_1556_303.20779,C18H26N2O2,2,7,628,157,826,2431,321,386,1721,3340,1458,2100,191
pos_1557_303.21344,C12H26N6O3,3,3,618,90,632,1976,249,493,1370,2842,1280,1924,75
pos_1604_313.14413,C19H20O4,4,10,1825,1723,1916,1664,1539,1978,1807,1956,2427,2492,2048
pos_1607_313.21686,C21H30O3,3,7,2968,2676,2726,1586,3176,2879,2520,555,2376,2416,2227
Diterpenoids_315.16055,C19H22O4,4,9,702,5117,1029,428,3316,1219,403,270,429,426,5404
pos_1612_315.16772,C13H22N4O5,5,5,917,5157,907,548,3243,1196,593,601,805,782,2534
pos_1616_315.23505,C21H32O3,3,6,2512,2214,2767,2834,2914,2765,3291,3810,1978,2046,1578
pos_1618_317.18878,C21H26O,1,9,3188,2746,3239,2562,3471,3178,2868,1934,3558,3045,4424
pos_1619_317.18887,C21H26O,1,9,1009,3493,947,686,1936,1197,803,648,928,1018,778
pos_1622_317.19543,C16H28O6,6,3,2537,2015,2896,2266,2743,3277,3105,1744,3329,3309,4880
pos_1627_319.16241,C15H24N2O4,4,5,959,2551,626,412,904,674,385,356,402,371,2223
pos_1629_319.20132,C18H26N2O3,3,7,2296,3186,2893,997,3263,2453,1220,307,1728,1119,312
pos_1630_319.20496,C21H28O,1,8,3852,2397,4527,2902,4528,4834,3709,1265,4489,3102,444
pos_1655_327.15421,C9H12O2,2,4,144,741,129,128,253,178,348,155,192,163,2085
Benzopyrans?_327.19379,C21H26O3,3,9,716,999,873,612,1096,1154,599,730,770,671,4008
pos_1660_329.16794,C20H24O4,4,9,447,2995,316,384,1934,582,427,195,331,268,2088
pos_1661_329.21008,C21H28O3,3,8,15470,16171,17184,15149,17656,17294,15859,10132,17501,15457,12890
pos_1742_335.19995,C21H28O2,2,8,1803,1972,1677,1198,2105,1869,1859,614,1855,1355,1251
Benzopyrans?_336.23346,C23H31NO2,2,9,2323,1442,3242,2144,3155,3237,2366,749,2677,2432,289
pos_1749_341.13531,C18H22O5,5,8,596,1429,707,236,1159,927,452,120,597,315,1155
High-carbon molecules with ketone- or ester- and hydroxy-group_347.19919,C20H18O2,2,12,225,1738,508,451,798,564,388,232,459,411,3088
pos_1764_349.216,C24H28O2,2,11,3368,4003,3492,2242,4032,3632,2607,631,3092,2491,4089
Dialkylamines/alkaloids and derivatives_114.12701,C7H15N,0,1,462,219,744,1028,384,586,743,1044,1210,1007,32
pos_186_116.14275,C7H17N,0,0,682,239,1397,2497,517,749,1755,3289,2199,2234,33
pos_201_119.08453,C9H12O,1,4,1618,3241,1439,865,1955,1840,1063,801,1041,948,630
pos_210_121.06377,C8H10O2,2,4,1020,1160,1123,1366,1170,1197,1112,1924,1083,1187,815
Ketones_123.07867,C8H10O,1,4,2398,3082,2425,1401,3004,2098,1976,905,1869,1665,11190
Ketones_123.07894,C8H10O,1,4,1758,1866,1977,1689,1594,1849,1908,1362,1735,1581,7201
Ketones_123.07916,C8H10O,1,4,474,449,421,519,439,525,583,491,454,543,4044
Guaiacol_125.05802,C7H8O2,2,4,446,1145,402,148,840,304,490,107,367,291,1624
Methoxyphenols?_125.05871,C7H8O2,2,4,796,2205,922,251,1674,922,384,77,397,246,1911
Methoxyphenols?_125.05943,C7H8O2,2,4,6219,12930,6328,1103,10591,7621,3068,129,2494,1730,12988
Ketones_125.09511,C8H12O,1,3,44583,77760,36342,9079,61393,53350,25362,3029,19989,16805,54638
Cyclohexenones_127.07423,C7H10O2,2,3,2376,1294,3075,1480,2475,2561,1804,291,1929,1717,355
Dialkylamines/alkaloids and derivatives_128.14275,C8H17N,0,1,2641,496,5303,5329,2261,2975,4232,1568,5872,4718,45
pos_319_131.084,C10H14O2,2,4,4378,8684,4837,1201,7327,5904,2491,312,2608,1302,8532
pos_33_85.06432,C5H8O,1,2,165,183,275,535,237,219,312,1516,266,428,159
Aldehydes and ketones_135.07819,C7H12O,1,2,683,1034,745,743,716,718,825,682,716,748,4631
Aldehydes and ketones_135.0786,C7H12O,1,2,804,890,693,570,796,722,697,556,615,548,3429
Aldehydes and ketones_135.07959,C9H10O,1,5,346,482,457,589,377,412,546,616,504,388,3613
pos_355_137.05811,C8H8O2,2,5,1612,1768,1522,1032,1657,1348,1109,711,1336,1023,795
Methoxyphenols?_139.07466,C8H10O2,2,4,1641,2706,1835,680,2516,2113,1358,360,1159,1219,2359
Ketones_139.10986,C9H14O,1,3,579,1008,687,2092,852,817,1412,3809,1456,1519,1102
Ketones_139.11057,C9H14O,1,3,36569,49395,34588,13550,46016,41556,27167,4643,22412,19181,22786
Alkylamines_140.14027,C9H17N,0,2,74,6,117,813,16,103,332,4126,699,588,36
Alkylamines_140.1425,C9H17N,0,2,38,19,63,386,18,42,203,1721,232,276,33
Ethers_141.08926,C6H14O2,2,0,9328,6235,10779,6699,7635,9486,8219,1704,10758,8455,283
Aldehydes and ketones_93.03271,C6H4O,1,5,15,157,4,11,35,16,11,16,27,28,647
pos_383_141.12648,C9H16O,1,2,54,49,85,342,60,76,246,1534,243,347,33
pos_384_141.13013,C7H16N3,0,1.5,231,53,852,1416,143,160,542,739,568,784,14
Piperidines?_142.15771,C9H19N,0,1,1374,807,3310,2451,1867,1768,2049,780,1561,2629,50
Dialkylamines or alkaloids and derivatives or piperidines_142.15822,C9H19N,0,1,2568,532,5435,4767,2101,2533,3204,1544,5223,4814,46
4-cyanoindole?_143.07211,C9H6N2,0,8,705,200,643,481,443,356,361,156,543,358,293
Hydrocarbons?_143.08388,C9H12,0,4,1036,1133,1052,1268,867,747,664,762,1227,794,2551
pos_403_144.17229,C9H21N,0,0,311,248,548,1050,307,234,304,1234,494,623,48
pos_405_145.06172,C10H8O,1,7,788,1490,641,666,853,815,694,439,876,710,2888
pos_406_145.06308,C10H8O,1,7,402,608,486,271,396,437,240,138,307,311,5002
pos_408_145.06322,C10H8O,1,7,1772,2822,1685,638,2359,1848,878,262,852,858,2307
Naphthalene derivatives_145.06348,C10H8O,1,7,623,1446,630,491,1140,841,411,185,465,372,1397
pos_410_145.06387,C10H8O,1,7,429,841,431,404,472,458,290,298,448,592,2198
pos_411_145.06409,C10H8O,1,7,1253,581,1747,766,1362,1532,1399,425,1657,1262,726
Naphthalene derivatives_145.06418,C10H8O,1,7,273,418,376,240,386,403,268,185,330,298,2917
Naphthalene derivatives_145.06491,C10H8O,1,7,274,385,352,426,358,478,544,207,541,474,3468
Quinoline derivative_146.05858,C9H7NO,1,7,409,756,297,194,801,904,445,55,366,207,516
2-Hydroxyquinoline_146.0591,C9H7NO,1,7,1518,1859,1618,1109,770,1634,1355,910,1648,1414,1591
Coumarin derivatives_147.04234,C9H6O2,2,7,2322,12019,848,111,5467,3003,488,93,399,211,15912
Coumarin_147.04311,C9H6O2,2,7,6280,17230,895,112,6329,5187,1299,74,826,365,24584
1arRing aldehydes or ketones_147.07832,C10H10O,1,6,10217,16855,12409,3803,16542,13845,6725,292,5773,4566,15712
Aldehydes?_147.07968,C10H10O,1,6,1347,1742,1868,1588,2016,1620,1170,1057,1474,1299,795
Aldehydes?_147.08047,C10H12O2,2,5,982,2245,1708,1177,2425,1919,1067,922,1207,1270,2288
Indole-3-carbinol_148.07513,C9H9NO,1,6,849,739,823,940,622,960,848,1203,1062,990,753
3-Methyloxyindole_148.07556,C9H9NO,1,6,464,355,376,450,449,490,419,454,512,497,489
pos_463_148.07741,C9H9NO,1,6,390,203,398,719,320,386,551,1166,698,675,185
Cinnamic acid or aldehyde derivatives_149.05829,C9H8O2,2,6,6501,5384,4977,3911,4511,3880,4027,2069,4130,3682,8273
Cinnamic acid or aldehyde derivatives_149.05833,C9H8O2,2,6,4719,1952,10032,8171,5330,6459,6963,4621,7488,7623,305
Cinnamic acid or aldehyde derivatives_149.05919,C9H8O2,2,6,1685,881,2426,2491,1360,1731,2991,1994,4444,2976,277
Aldehydes and ketones_149.09499,C10H12O,1,5,17197,32845,17840,4425,26731,22191,9178,1327,8987,5261,28925
2-benzopyrans?_151.03702,C8H6O3,3,6,270,1232,108,59,288,229,72,68,61,84,3678
pos_483_151.07333,C9H10O2,2,5,5509,7548,6658,3354,6989,6304,4567,2910,4909,4033,7578
pos_487_151.07394,C9H10O2,2,5,1511,3071,1330,666,2246,1812,766,516,739,608,2900
pos_490_151.07457,C9H10O2,2,5,1132,2419,1303,694,2082,1333,623,675,875,705,4700
Monoterpenoids_151.11026,C10H14O,1,4,1835,5070,2269,1010,4596,2636,1094,266,1270,1108,5644
pos_494_151.11032,C10H14O,1,4,1533,2352,1416,623,2241,1645,1070,331,1085,942,2523
Hydrocarbons?_69.06812,C5H8,0,2,120,152,144,614,90,199,290,1695,304,339,128
pos_503_153.0905,C9H12O2,2,4,1844,998,1190,1613,829,1192,1475,1262,1880,1588,627
1-Butyl-1H-imidazole-2-carbaldehyde_153.09084,C9H12O2,2,4,2446,4515,2024,894,3369,2413,1676,404,1507,1330,3730
Cyclic ketones_153.12692,C10H16O,1,3,1599,2040,1644,977,1552,1475,1120,1443,1081,886,1040
Alkylamines_154.15704,C10H19N,0,2,170,75,313,467,113,182,276,1359,404,383,3
Alkylamines_154.15742,C10H19N,0,2,3746,442,7341,4028,2780,4085,4494,1924,5051,4822,50
pos_516_155.10582,C9H14O2,2,3,5517,4065,7672,5148,5495,6956,8588,6540,7290,7738,1662
Cyclohexenones_155.10588,C9H14O2,2,3,5082,1786,5279,5769,3417,4839,6251,1969,7155,6260,153
pos_520_155.10806,C9H14O2,2,3,2993,1709,3847,2901,2648,3683,3587,1026,4235,3596,214
Aldehydes/ketones_157.06421,C11H8O,1,8,206,512,228,180,382,265,205,130,197,165,1312
Hydrocarbons?_157.09889,C10H14,0,4,3022,4212,2844,1078,3782,3321,1974,381,2113,1455,1966
Esters?_157.1201,C9H16O2,2,2,257,56,375,1001,72,157,663,1662,574,683,30
Esters?_157.12209,C9H16O2,2,2,1028,271,2309,1110,1126,880,1413,471,1112,910,84
Aldehydes/ketones_159.07945,C11H10O,1,7,764,1064,760,765,1007,893,653,619,629,672,8683
Coumarin derivatives_161.05724,C10H8O2,2,7,6139,13823,1632,321,6769,6153,1893,321,1730,1048,18928
pos_556_161.05798,C6H4N6,0,8,2127,3970,2146,860,3042,2727,1438,480,1524,1131,4232
"2,2-dimethyl-1-benzopyrans and ketones_161.05811",C10H8O2,2,7,1332,2658,1886,889,2830,2252,990,495,1331,1069,1229
Hydroxy coumarin derivatives_163.03664,C9H6O3,3,7,1911,4976,655,457,2392,1857,685,499,610,608,8465
"Acetophenones, 2,2-dimethyl-1-benzopyrans, Chromones_163.03787",C9H6O3,3,7,1564,4010,439,361,1441,1474,502,574,564,460,10003
Cinnamic acid or aldehyde derivatives_163.07297,C10H10O2,2,6,3788,3107,3556,3337,3222,3398,3221,2503,3684,3270,3013
Cinnamic acid derivatives_163.07362,C10H10O2,2,6,4825,8021,5836,2218,6972,5371,2828,722,3170,2578,7526
Cinnamic acid derivatives_163.07407,C10H10O2,2,6,2525,4582,2397,948,4167,2755,1327,337,1353,1016,5157
Cinnamic acid derivatives_163.07408,C10H10O2,2,6,15377,27798,15119,4790,23272,18153,8494,720,9131,6128,27471
Cinnamic acid or aldehyde derivatives_163.07492,C10H10O2,2,6,3234,1522,6833,6695,3206,4001,4604,3746,5256,5826,586
pos_590_163.075,C9H6O,1,7,1650,1041,1597,1109,1527,1124,1200,1160,1710,1283,1774
pos_591_163.07503,C10H10O2,2,6,7157,11788,8670,4108,9769,8632,4728,1354,5705,5005,10354
pos_592_163.07512,C10H10O2,2,6,10444,16269,12579,5803,15465,12785,6942,1655,7831,6483,14757
pos_594_163.07626,C10H10O2,2,6,1780,1166,2177,2375,1181,1673,2504,1738,2904,2549,790
Aldehydes and ketones_163.10992,C9H16O,1,2,1742,1028,1427,1845,1056,1501,2350,1782,2027,2256,1387
Aldehydes and ketones_163.11098,C11H14O,1,5,1726,1286,2108,2444,1535,1622,2885,2085,2081,2241,1319
pos_601_165.04967,C9H11NO3,3,5,967,1267,1392,1102,1111,1031,1182,1022,1162,1331,1214
pos_607_165.08913,C10H12O2,2,5,2295,5916,3947,2137,5323,5032,3399,2134,3305,3084,5892
pos_610_165.08968,C10H12O2,2,5,2061,4179,1990,737,3465,2459,1099,548,1304,873,4180
pos_611_165.08971,C8H14O2,2,2,14909,32540,17519,3642,28700,21417,9202,1035,9710,5748,30735
pos_614_165.09221,C10H12O2,2,5,1750,1800,1795,1792,1743,2036,1760,1540,1891,1869,1235
Ketones_165.12526,C11H16O,1,4,335,874,376,246,574,361,230,182,393,343,2492
pos_617_165.12547,C17H26O5,5,5,1025,3248,1091,608,1255,1006,812,215,826,698,5065
Ketones_165.12589,C11H16O,1,4,672,2449,629,616,983,955,680,247,830,682,6254
Ketones_165.12729,C11H16O,1,4,1480,5373,1445,437,3463,1799,827,169,818,544,2587
pos_627_167.06883,C9H10O3,3,5,8317,15186,10311,3478,13236,10489,4856,1084,6020,3987,12695
Methoxyphenols?_167.06927,C9H10O3,3,5,2379,924,4013,3050,2386,3444,3126,1990,3229,3130,390
pos_634_167.10548,C10H16O3,3,3,2082,1201,3654,665,3474,3603,1165,146,1717,1056,108
pos_636_167.10727,C10H14O2,2,4,927,181,912,976,506,816,1177,262,1147,1034,130
Alkylamines (piperidine?)_168.17264,C11H21N,0,2,2242,233,5025,3264,1572,2212,2838,805,3555,3405,35
Alkylamines (piperidine?)_168.17349,C11H21N,0,2,82,35,139,285,53,114,175,1728,315,340,16
Alkylamines (piperidine?)_168.17439,C11H21N,0,2,1225,393,2123,1731,998,1345,1091,1036,1391,1553,20
Fatty acid esters_169.08403,C7H14O3,3,1,991,1732,819,343,2010,1278,364,173,526,351,673
Cyclohexenones_169.12088,C10H16O2,2,3,5981,827,7065,9879,1692,4180,8619,4710,10854,10712,109
pos_656_170.18884,C11H23N,0,1,214,97,472,1353,159,292,658,2993,663,1207,20
Aldehydes/ketones_171.07773,C12H10O,1,8,596,1077,701,367,665,656,367,235,515,388,2147
pos_660_171.0782,C7H12N2O4,4,3,1082,1628,1262,457,1386,1203,903,291,776,561,1524
pos_662_171.07919,C12H10O,1,8,1301,2072,1541,580,1999,1559,937,140,986,638,2069
Aldehydes/ketones_173.09421,C10H14O,1,4,3201,3714,3566,1821,3952,3642,2432,360,2396,1852,2364
Aldehydes/ketones_173.09468,C12H12O,1,7,1847,2447,2398,1184,2489,2136,1394,399,1309,1135,6858
Ketones?_173.09485,C12H12O,1,7,532,5498,212,267,1041,415,278,157,278,206,15161
pos_684_173.09558,C12H12O,1,7,1898,4685,1072,505,2479,1981,828,297,730,629,5067
pos_687_173.12985,C8H16N2O2,2,2,934,444,1283,2361,556,863,1759,2584,1368,1647,311
"1,2-aminoalcohols?_174.18492",C10H23NO,1,0,2216,3250,2780,2493,2581,3487,3242,3257,2212,3584,2458
pos_692_175.07053,C6H10N2O4,4,3,2270,3034,3128,2169,3626,3291,2117,1720,2612,2430,1932
pos_693_175.07185,C9H12O2,2,4,1620,2370,1454,1277,2096,2132,1418,1332,1743,1656,2390
pos_695_175.07266,C6H10N2O4,4,3,1828,2171,1871,1540,1773,1964,1658,1485,1879,1919,3262
Diol-1arRings_175.07288,C9H12O2,2,4,2448,4712,1838,1652,3111,2637,1725,1560,1654,1779,5305
pos_697_175.07312,C9H12O2,2,4,4083,4819,4494,3070,4488,4802,4245,1946,4120,3989,5751
Methoxyphenols?_175.07336,C9H12O2,2,4,3219,6426,2295,1406,4524,3729,1844,1269,1690,1897,6955
Coumarin derivatives_175.07353,C11H10O2,2,7,9711,13399,7558,4680,10439,10154,7235,2145,6109,5617,13438
Diol-1arRings_175.07387,C9H12O2,2,4,1907,1749,1886,1669,1584,1443,1359,1750,1728,3319,7979
pos_708_175.10719,C7H14N2O3,3,2,837,961,1196,1367,1007,1137,1101,1643,1071,1273,820
Aldehydes?_175.10994,C12H16O2,2,5,971,935,1158,852,1082,1148,1060,1293,1339,1052,2766
1arRing aldehydes or ketones_175.11076,C12H14O,1,6,20656,27058,26191,12435,32285,16175,9555,2504,9320,6808,10308
Cinnamic acid derivatives_177.08955,C11H12O2,2,6,6543,9149,6958,3893,8850,7167,4593,1330,4573,3720,7958
pos_734_177.08981,C11H12O2,2,6,4578,5278,5188,4327,4912,5028,4557,3194,4000,4040,4953
Coniferyl aldehyde_179.06903,C10H10O3,3,6,14555,24139,17308,6829,22202,19423,10273,1045,10402,8066,23592
pos_763_181.08379,C10H12O3,3,5,3265,5061,4021,1991,4586,3967,2382,841,2518,1890,3498
pos_764_181.08379,C10H12O3,3,5,1116,1244,1020,633,1052,834,656,529,886,834,1928
pos_765_181.08424,C10H12O3,3,5,1633,3300,1546,489,3600,1849,725,206,729,561,2761
Methoxyphenols?_181.08475,C10H12O3,3,5,1177,833,2442,2133,1523,2042,2194,1212,2166,1687,360
pos_767_181.08536,C10H12O3,3,5,4651,9467,4001,955,8013,5704,1959,349,2187,1248,8822
Alkylamines (piperidine?)_182.18887,C12H23N,0,2,984,167,1919,1720,821,1123,1871,1353,2140,2128,8
Dicyclohexylamine_182.19008,C12H23N,0,2,639,289,1820,409,1268,1205,531,158,288,508,24
pos_784_183.11052,C7H16N2O2?,0,1,986,2258,1152,344,1772,1424,701,101,386,408,1956
Ethers_183.13602,C9H20O2,2,0,1051,267,1342,2568,460,940,1912,1776,2202,2343,56
pos_793_185.05888,C10H10O2,2,6,109,416,198,56,175,149,121,96,92,77,4057
Aldehyde/ketone_185.06029,C12H8O2,2,9,99,441,90,97,285,96,36,54,36,38,1381
pos_799_185.11386,C6H12N6O,1,4,943,369,1198,313,1142,1484,733,244,834,725,69
pos_800_185.11638,C10H16O3,3,3,1179,631,1692,297,1708,1815,641,123,996,623,149
Hydrocarbons?_185.13046,C14H18O,1,6,2821,4204,2937,1494,4020,3358,2344,435,2195,2000,3300
Hydrocarbons?_185.13048,C14H18O,1,6,4711,8773,5129,1579,8073,5393,3044,290,3097,1875,7435
Hydrocarbons?_185.13176,C14H16,0,7,6195,11397,6785,1729,11015,8278,3851,309,4035,2642,10755
"Oxazolidines, Piperidinones or N-acyl amines_186.18178",C11H23NO,1,1,228,42,393,1412,73,243,908,743,1290,2050,47
pos_811_187.07452,C12H10O2,2,8,4577,8218,5325,1734,7017,5545,2906,223,2899,1864,7169
Furans_187.07458,C12H10O2,2,8,5125,8402,2506,473,6144,4791,2510,396,2120,1549,3542
Aldehydes/ketones_187.07491,C12H10O2,2,8,1453,1413,1666,973,1771,1785,1095,429,1144,1198,929
Aldehydes/ketones_187.07535,C12H10O2,2,8,1045,1621,937,475,1395,1164,638,259,750,516,1480
pos_818_187.1111,C13H16O2,2,6,1930,1472,2849,1448,2244,2177,1635,520,1995,1585,1404
pos_819_187.11153,C19H24O5,5,8,949,1769,796,484,1402,1063,465,232,579,518,3820
"2,2-dimethyl-1-benzopyrans and ketones_189.09027",C12H12O2,2,7,1466,1410,2177,2193,1917,1389,1861,1518,1698,1931,1205
pos_830_189.09175,C12H12O2,2,7,442,1343,232,234,985,805,418,214,334,279,3917
pos_831_189.09369,C12H12O2,2,7,1892,1440,2027,1027,1819,2092,1829,740,1878,1951,2220
Cyclic ketones_97.06367,C6H8O,1,3,392,736,545,401,779,245,1898,539,316,221,7726
Coumarans or acetophenones (2ar Rings)_191.06776,C9H12O3,3,4,4180,6811,1518,863,4559,3758,1630,693,1641,1446,8302
Acetophenones?_191.06816,C11H10O3,3,7,3559,3822,3254,2324,3730,3083,2438,1485,2802,2411,3716
"Acetophenones, 2,2-dimethyl-1-benzopyrans, Chromones_191.06903",C11H10O3,3,7,6123,7304,5661,3890,6748,6725,5801,2205,5942,6040,6989
"Acetophenones, 2,2-dimethyl-1-benzopyrans, Chromones_191.06911",C11H10O3,3,7,5691,6455,5868,4024,6727,6899,5802,2563,5760,5844,7031
Coumarans or acetophenones (2ar Rings)_191.06917,C11H10O3,3,7,4092,4751,3791,2425,4818,4507,3556,1181,3223,3103,4846
pos_875_191.10837,C12H14O2,2,6,805,812,1049,1184,807,1138,1347,2295,1258,1496,1139
Piperidines_191.1745,C9H19NO2,2,1,440,22,210,1794,70,300,1424,2138,1499,1892,36
pos_881_193.08391,C11H14O4,4,5,169,378,199,177,242,228,252,194,214,250,1618
2-benzopyrans?_193.08539,C11H12O3,3,6,597,702,522,396,672,469,397,309,409,380,955
pos_886_193.08556,C11H12O3,3,6,2935,3695,3420,1905,3756,3842,2291,634,2653,2074,4097
pos_887_193.0858,C11H12O3,3,6,3491,4371,3399,2167,3686,3775,2327,1021,2665,2567,4314
pos_891_193.09326,C5H12N4O4,4,2,1657,558,2471,1598,971,1421,2195,596,2955,1744,520
pos_892_193.09665,C10H12N2O2,2,6,1286,1052,2006,1122,1673,1066,890,272,1294,1320,259
pos_894_193.11977,C10H18O2,2,2,641,1516,1574,1347,1594,805,850,767,1217,1151,316
pos_898_195.07841,C12H12O,1,7,190,304,283,152,358,258,266,116,189,122,1917
Stilbenes or 3Ar Rings_195.07892,C14H10O,1,10,171,270,221,232,191,264,179,118,149,206,4216
Stilbenes or 3Ar Rings_195.07985,C14H10O,1,10,185,276,282,214,338,369,193,194,265,201,2819
Dicyclohexylamine_196.2074,C13H25N,0,2,452,153,1419,869,840,1100,657,523,472,704,19
pos_916_197.05949,C13H8O2,2,10,300,706,149,96,260,263,197,140,119,116,1758
pos_921_197.09476,C14H12O,1,9,3516,5750,4059,1553,5679,5019,2702,376,2732,1968,6080
pos_926_199.07254,C13H10O2,2,9,1038,1799,1467,552,1673,1080,731,158,684,674,1665
pos_927_199.07315,C11H12O2,2,6,638,2285,568,223,1373,1122,581,236,461,455,3947
Aldehydes/ketones_199.11102,C14H14O,1,8,1060,2099,1080,1205,1297,1116,1365,1345,1009,1051,3201
pos_934_199.14105,C10H18N2O2,2,3,2215,2492,2257,1452,1672,1837,1805,1031,1473,1553,468
Hydrocarbons?_199.14694,C15H18,0,7,1654,324,1619,1721,548,1677,2433,1489,2437,2756,311
pos_936_199.1487,C15H18,0,7,670,652,553,778,734,596,576,423,667,554,2334
pos_937_200.1992,C12H25NO,1,1,269,36,707,966,83,227,774,253,882,1070,13
Benzopyrans?_201.05267,C12H8O3,3,9,1458,2586,595,169,1437,1831,739,106,622,365,3801
pos_939_201.08821,C8H14N2O5,5,3,1279,1310,1396,1073,1628,1866,1414,1000,1442,1412,1392
Furans_201.0891,C13H12O2,2,8,3812,4765,4175,2941,4616,4564,3420,1116,3623,3071,3668
pos_943_201.09235,C13H12O2,2,8,1622,2386,2068,1171,2284,1615,1165,438,1357,1082,2103
"1,2-aminoalcohols?_202.21555",C12H27NO,1,0,1177,1494,1399,1614,1403,1719,1601,1857,1349,2079,1438
Coumarin derivatives_203.06885,C12H10O3,3,8,758,1735,901,330,1263,1356,567,253,865,533,1777
Coumarin derivatives_203.06996,C12H10O3,3,8,2254,3949,3270,1421,4031,3422,1819,367,2111,1707,4145
pos_958_203.10466,C13H14O2,2,7,2441,4004,2396,901,4115,3302,1398,705,1810,1562,4708
"2,2-dimethyl-1-benzopyrans and ketones_203.10503",C13H14O2,2,7,999,1035,998,981,908,742,823,708,797,937,8174
Diol-1arRings_203.10513,C11H16O2,2,4,2560,3689,2723,1350,3652,2858,1858,712,1797,1621,3805
pos_962_203.10529,C12H10O,1,8,1753,3070,1586,876,2566,2117,1283,1047,1185,896,3072
pos_966_203.14029,C9H18N2O3,3,2,410,144,448,897,172,292,675,1956,871,870,90
Coumarans or acetophenones (2ar Rings)_205.0843,C12H12O3,3,7,4953,5941,5246,3755,6077,6129,4995,2334,5749,5030,6291
pos_980_205.08554,C12H12O3,3,7,2142,2787,2493,2242,3250,2719,2179,2298,2713,2963,3257
pos_983_205.12119,C10H8O,1,7,2616,1815,3963,2284,2418,2800,2665,1295,3288,2342,850
pos_985_205.12585,C13H16O2,2,6,1711,1882,2116,1187,2269,2256,1391,649,1597,1420,787
pos_996_207.11363,C10H10N2O,1,7,1051,2023,1207,332,1710,1065,504,257,728,546,2265
pos_997_207.13586,C13H18O2,2,5,590,273,1288,1670,460,751,954,806,1041,1234,126
pos_999_207.13695,C13H18O2,2,5,2173,1191,2894,2101,1384,2252,2393,357,2864,2454,241
